

mysql> use demo;
Database changed
mysql> select now(), curdate(), curtime();
+---------------------+------------+-----------+
| now()               | curdate()  | curtime() |
+---------------------+------------+-----------+
| 2022-06-23 14:48:46 | 2022-06-23 | 14:48:46  |
+---------------------+------------+-----------+
1 row in set (0.00 sec)

mysql> select current_date(), current_date, curdate();
+----------------+--------------+------------+
| current_date() | current_date | curdate()  |
+----------------+--------------+------------+
| 2022-06-23     | 2022-06-23   | 2022-06-23 |
+----------------+--------------+------------+
1 row in set (0.00 sec)

mysql> select current_time(), current_time, curtime();
+----------------+--------------+-----------+
| current_time() | current_time | curtime() |
+----------------+--------------+-----------+
| 14:50:57       | 14:50:57     | 14:50:57  |
+----------------+--------------+-----------+
1 row in set (0.00 sec)

mysql> select now(), now() + interval 2 day;
+---------------------+------------------------+
| now()               | now() + interval 2 day |
+---------------------+------------------------+
| 2022-06-23 14:55:40 | 2022-06-25 14:55:40    |
+---------------------+------------------------+
1 row in set (0.00 sec)

mysql> select now(), now() - interval 2 day;
+---------------------+------------------------+
| now()               | now() - interval 2 day |
+---------------------+------------------------+
| 2022-06-23 14:55:50 | 2022-06-21 14:55:50    |
+---------------------+------------------------+
1 row in set (0.00 sec)

mysql> select now(), now() + interval 2 second;
+---------------------+---------------------------+
| now()               | now() + interval 2 second |
+---------------------+---------------------------+
| 2022-06-23 14:57:25 | 2022-06-23 14:57:27       |
+---------------------+---------------------------+
1 row in set (0.00 sec)

mysql> select now(), now() + interval 2 minute;
+---------------------+---------------------------+
| now()               | now() + interval 2 minute |
+---------------------+---------------------------+
| 2022-06-23 14:57:37 | 2022-06-23 14:59:37       |
+---------------------+---------------------------+
1 row in set (0.00 sec)

mysql> select now(), now() + interval 2 hour;
+---------------------+-------------------------+
| now()               | now() + interval 2 hour |
+---------------------+-------------------------+
| 2022-06-23 14:57:47 | 2022-06-23 16:57:47     |
+---------------------+-------------------------+
1 row in set (0.00 sec)

mysql> select now(), now() + interval 2 week;
+---------------------+-------------------------+
| now()               | now() + interval 2 week |
+---------------------+-------------------------+
| 2022-06-23 14:57:59 | 2022-07-07 14:57:59     |
+---------------------+-------------------------+
1 row in set (0.00 sec)

mysql> select now(), now() + interval 2 month;
+---------------------+--------------------------+
| now()               | now() + interval 2 month |
+---------------------+--------------------------+
| 2022-06-23 14:58:25 | 2022-08-23 14:58:25      |
+---------------------+--------------------------+
1 row in set (0.00 sec)

mysql> select now(), now() + interval 2 year;
+---------------------+-------------------------+
| now()               | now() + interval 2 year |
+---------------------+-------------------------+
| 2022-06-23 14:58:35 | 2024-06-23 14:58:35     |
+---------------------+-------------------------+
1 row in set (0.00 sec)

mysql> select now(), now() - interval 2 year;
+---------------------+-------------------------+
| now()               | now() - interval 2 year |
+---------------------+-------------------------+
| 2022-06-23 14:58:45 | 2020-06-23 14:58:45     |
+---------------------+-------------------------+
1 row in set (0.00 sec)

mysql> select now(), now() + interval 2 quarter;
+---------------------+----------------------------+
| now()               | now() + interval 2 quarter |
+---------------------+----------------------------+
| 2022-06-23 14:59:18 | 2022-12-23 14:59:18        |
+---------------------+----------------------------+
1 row in set (0.00 sec)


mysql> select now(), now() + interval 1 quarter;
+---------------------+----------------------------+
| now()               | now() + interval 1 quarter |
+---------------------+----------------------------+
| 2022-06-23 14:59:37 | 2022-09-23 14:59:37        |
+---------------------+----------------------------+
1 row in set (0.00 sec)

mysql> select now(), now() + interval 44 hour;
+---------------------+--------------------------+
| now()               | now() + interval 44 hour |
+---------------------+--------------------------+
| 2022-06-23 15:00:00 | 2022-06-25 11:00:00      |
+---------------------+--------------------------+
1 row in set (0.00 sec)

mysql> select now(), now() + interval 44 month;
+---------------------+---------------------------+
| now()               | now() + interval 44 month |
+---------------------+---------------------------+
| 2022-06-23 15:00:17 | 2026-02-23 15:00:17       |
+---------------------+---------------------------+
1 row in set (0.00 sec)

mysql> select now(), now() + interval 44 week;
+---------------------+--------------------------+
| now()               | now() + interval 44 week |
+---------------------+--------------------------+
| 2022-06-23 15:00:30 | 2023-04-27 15:00:30      |
+---------------------+--------------------------+
1 row in set (0.00 sec)

mysql> select now(), now() + interval 44 hour + interval 2 day;
+---------------------+-------------------------------------------+
| now()               | now() + interval 44 hour + interval 2 day |
+---------------------+-------------------------------------------+
| 2022-06-23 15:01:20 | 2022-06-27 11:01:20                       |
+---------------------+-------------------------------------------+
1 row in set (0.00 sec)

mysql> select now(), adddate(now(), interval 5 day)R1;
+---------------------+---------------------+
| now()               | R1                  |
+---------------------+---------------------+
| 2022-06-23 15:06:04 | 2022-06-28 15:06:04 |
+---------------------+---------------------+
1 row in set (0.00 sec)

mysql> select now(), adddate(now(), interval 5 month)R1;
+---------------------+---------------------+
| now()               | R1                  |
+---------------------+---------------------+
| 2022-06-23 15:06:17 | 2022-11-23 15:06:17 |
+---------------------+---------------------+
1 row in set (0.00 sec)

mysql> select now(), adddate(now(), interval 5 year)R1;
+---------------------+---------------------+
| now()               | R1                  |
+---------------------+---------------------+
| 2022-06-23 15:06:27 | 2027-06-23 15:06:27 |
+---------------------+---------------------+
1 row in set (0.00 sec)

mysql> select now(), adddate(now(), interval 5 hour)R1;
+---------------------+---------------------+
| now()               | R1                  |
+---------------------+---------------------+
| 2022-06-23 15:06:40 | 2022-06-23 20:06:40 |
+---------------------+---------------------+
1 row in set (0.00 sec)

mysql> select now(), subdate(now(), interval 5 hour)R1;
+---------------------+---------------------+
| now()               | R1                  |
+---------------------+---------------------+
| 2022-06-23 15:06:55 | 2022-06-23 10:06:55 |
+---------------------+---------------------+
1 row in set (0.00 sec)

mysql> select now(), subdate(now(), interval 5 month)R1;
+---------------------+---------------------+
| now()               | R1                  |
+---------------------+---------------------+
| 2022-06-23 15:07:03 | 2022-01-23 15:07:03 |
+---------------------+---------------------+
1 row in set (0.00 sec)

mysql> select now(), subdate(now(), interval 5 year)R1;
+---------------------+---------------------+
| now()               | R1                  |
+---------------------+---------------------+
| 2022-06-23 15:07:12 | 2017-06-23 15:07:12 |
+---------------------+---------------------+
1 row in set (0.00 sec)

mysql> select now(), subdate(now(), interval 1 quarter)R1;
+---------------------+---------------------+
| now()               | R1                  |
+---------------------+---------------------+
| 2022-06-23 15:07:52 | 2022-03-23 15:07:52 |
+---------------------+---------------------+
1 row in set (0.00 sec)


mysql> select curtime(), addtime(curtime() , "45")
    -> ;
+-----------+---------------------------+
| curtime() | addtime(curtime() , "45") |
+-----------+---------------------------+
| 15:09:30  | 15:10:15                  |
+-----------+---------------------------+
1 row in set (0.00 sec)

mysql> select curtime(), addtime(curtime() , "10:45");
+-----------+------------------------------+
| curtime() | addtime(curtime() , "10:45") |
+-----------+------------------------------+
| 15:10:07  | 25:55:07                     |
+-----------+------------------------------+
1 row in set (0.00 sec)

mysql> select curtime(), addtime(curtime() , "10:45:67");
+-----------+---------------------------------+
| curtime() | addtime(curtime() , "10:45:67") |
+-----------+---------------------------------+
| 15:10:32  | NULL                            |
+-----------+---------------------------------+
1 row in set, 1 warning (0.00 sec)

mysql> select curtime(), addtime(curtime() , "10:45:60");
+-----------+---------------------------------+
| curtime() | addtime(curtime() , "10:45:60") |
+-----------+---------------------------------+
| 15:10:41  | NULL                            |
+-----------+---------------------------------+
1 row in set, 1 warning (0.00 sec)

mysql> select curtime(), addtime(curtime() , "10:45:40");
+-----------+---------------------------------+
| curtime() | addtime(curtime() , "10:45:40") |
+-----------+---------------------------------+
| 15:10:55  | 25:56:35                        |
+-----------+---------------------------------+
1 row in set (0.00 sec)

mysql> select curtime(), addtime(curtime() , "1 06:45:40");
+-----------+-----------------------------------+
| curtime() | addtime(curtime() , "1 06:45:40") |
+-----------+-----------------------------------+
| 15:11:30  | 45:57:10                          |
+-----------+-----------------------------------+
1 row in set (0.00 sec)

mysql> select curtime(), subtime(curtime() , "1 06:45:40");
+-----------+-----------------------------------+
| curtime() | subtime(curtime() , "1 06:45:40") |
+-----------+-----------------------------------+
| 15:12:36  | -15:33:04                         |
+-----------+-----------------------------------+
1 row in set (0.00 sec)

mysql> select curtime(), subtime(curtime() , "10:45");
+-----------+------------------------------+
| curtime() | subtime(curtime() , "10:45") |
+-----------+------------------------------+
| 15:12:49  | 04:27:49                     |
+-----------+------------------------------+
1 row in set (0.00 sec)

mysql> select now(), extract(day from now());
+---------------------+-------------------------+
| now()               | extract(day from now()) |
+---------------------+-------------------------+
| 2022-06-23 15:15:01 |                      23 |
+---------------------+-------------------------+
1 row in set (0.00 sec)

mysql> select now(), extract(week from now());
+---------------------+--------------------------+
| now()               | extract(week from now()) |
+---------------------+--------------------------+
| 2022-06-23 15:15:13 |                       25 |
+---------------------+--------------------------+
1 row in set (0.00 sec)

mysql> select now(), extract(month from now());
+---------------------+---------------------------+
| now()               | extract(month from now()) |
+---------------------+---------------------------+
| 2022-06-23 15:15:31 |                         6 |
+---------------------+---------------------------+
1 row in set (0.00 sec)

mysql> select now(), extract(year from now());
+---------------------+--------------------------+
| now()               | extract(year from now()) |
+---------------------+--------------------------+
| 2022-06-23 15:15:43 |                     2022 |
+---------------------+--------------------------+
1 row in set (0.00 sec)

mysql> select now(), extract(minute_second from now());
+---------------------+-----------------------------------+
| now()               | extract(minute_second from now()) |
+---------------------+-----------------------------------+
| 2022-06-23 15:19:27 |                              1927 |
+---------------------+-----------------------------------+
1 row in set (0.00 sec)

mysql> select now(), extract(hour_second from now());
+---------------------+---------------------------------+
| now()               | extract(hour_second from now()) |
+---------------------+---------------------------------+
| 2022-06-23 15:19:38 |                          151938 |
+---------------------+---------------------------------+
1 row in set (0.00 sec)

mysql> select now(), extract(year_month from now());
+---------------------+--------------------------------+
| now()               | extract(year_month from now()) |
+---------------------+--------------------------------+
| 2022-06-23 15:20:03 |                         202206 |
+---------------------+--------------------------------+
1 row in set (0.00 sec)

mysql> select now(), extract(day_second from now());
+---------------------+--------------------------------+
| now()               | extract(day_second from now()) |
+---------------------+--------------------------------+
| 2022-06-23 15:21:04 |                         152104 |
+---------------------+--------------------------------+
1 row in set (0.00 sec)

mysql> select now(), extract(day_hour from now());
+---------------------+------------------------------+
| now()               | extract(day_hour from now()) |
+---------------------+------------------------------+
| 2022-06-23 15:21:34 |                           15 |
+---------------------+------------------------------+
1 row in set (0.00 sec)

mysql>


mysql> select hiredate, extract(month from hiredate)R1 from emp;
+------------+------+
| hiredate   | R1   |
+------------+------+
| 1980-12-17 |   12 |
| 1981-02-20 |    2 |
| 1981-02-22 |    2 |
| 1986-04-02 |    4 |
| 1981-09-28 |    9 |
| 1981-05-01 |    5 |
| 1983-06-09 |    6 |
| 1987-04-19 |    4 |
| 1981-11-17 |   11 |
| 1981-09-08 |    9 |
| 1987-05-23 |    5 |
| 1982-12-13 |   12 |
| 1984-12-03 |   12 |
| 1982-01-23 |    1 |
+------------+------+
14 rows in set (0.00 sec)

mysql> select * from emp where extract(month from hiredate) = 12;
+-------+-------+---------+------+------------+------+------+--------+
| EMPNO | ENAME | JOB     | MGR  | HIREDATE   | SAL  | COMM | DEPTNO |
+-------+-------+---------+------+------------+------+------+--------+
|  7369 | SMITH | CLERK   | 7902 | 1980-12-17 |  800 | NULL |     20 |
|  7900 | JAMES | CLERK   | 7698 | 1982-12-13 |  950 | NULL |     30 |
|  7902 | FORD  | ANALYST | 7566 | 1984-12-03 | 3000 | NULL |     20 |
+-------+-------+---------+------+------------+------+------+--------+
3 rows in set (0.00 sec)

mysql> select hiredate, extract(year from hiredate)YEAR from emp;
+------------+------+
| hiredate   | YEAR |
+------------+------+
| 1980-12-17 | 1980 |
| 1981-02-20 | 1981 |
| 1981-02-22 | 1981 |
| 1986-04-02 | 1986 |
| 1981-09-28 | 1981 |
| 1981-05-01 | 1981 |
| 1983-06-09 | 1983 |
| 1987-04-19 | 1987 |
| 1981-11-17 | 1981 |
| 1981-09-08 | 1981 |
| 1987-05-23 | 1987 |
| 1982-12-13 | 1982 |
| 1984-12-03 | 1984 |
| 1982-01-23 | 1982 |
+------------+------+
14 rows in set (0.00 sec)

mysql> select hiredate, extract(month from hiredate)MONTH from emp;
+------------+-------+
| hiredate   | MONTH |
+------------+-------+
| 1980-12-17 |    12 |
| 1981-02-20 |     2 |
| 1981-02-22 |     2 |
| 1986-04-02 |     4 |
| 1981-09-28 |     9 |
| 1981-05-01 |     5 |
| 1983-06-09 |     6 |
| 1987-04-19 |     4 |
| 1981-11-17 |    11 |
| 1981-09-08 |     9 |
| 1987-05-23 |     5 |
| 1982-12-13 |    12 |
| 1984-12-03 |    12 |
| 1982-01-23 |     1 |
+------------+-------+
14 rows in set (0.00 sec)

mysql> select hiredate, extract(year_month from hiredate)'YEAR_MONTH' from emp;
+------------+------------+
| hiredate   | YEAR_MONTH |
+------------+------------+
| 1980-12-17 |     198012 |
| 1981-02-20 |     198102 |
| 1981-02-22 |     198102 |
| 1986-04-02 |     198604 |
| 1981-09-28 |     198109 |
| 1981-05-01 |     198105 |
| 1983-06-09 |     198306 |
| 1987-04-19 |     198704 |
| 1981-11-17 |     198111 |
| 1981-09-08 |     198109 |
| 1987-05-23 |     198705 |
| 1982-12-13 |     198212 |
| 1984-12-03 |     198412 |
| 1982-01-23 |     198201 |
+------------+------------+
14 rows in set (0.00 sec)

mysql> select * from emp where extract(year_month from hiredate) = 198102;
+-------+-------+----------+------+------------+------+------+--------+
| EMPNO | ENAME | JOB      | MGR  | HIREDATE   | SAL  | COMM | DEPTNO |
+-------+-------+----------+------+------------+------+------+--------+
|  7499 | ALLEN | SALESMAN | 7698 | 1981-02-20 | 1600 |  300 |     30 |
|  7521 | WARD  | SALESMAN | 7698 | 1981-02-22 | 1250 |  500 |     30 |
+-------+-------+----------+------+------------+------+------+--------+
2 rows in set (0.00 sec)


mysql> table emp;
+-------+--------+-----------+------+------------+------+------+--------+
| EMPNO | ENAME  | JOB       | MGR  | HIREDATE   | SAL  | COMM | DEPTNO |
+-------+--------+-----------+------+------------+------+------+--------+
|  7369 | SMITH  | CLERK     | 7902 | 1980-12-17 |  800 | NULL |     20 |
|  7499 | ALLEN  | SALESMAN  | 7698 | 1981-02-20 | 1600 |  300 |     30 |
|  7521 | WARD   | SALESMAN  | 7698 | 1981-02-22 | 1250 |  500 |     30 |
|  7566 | JONES  | MANAGER   | 7839 | 1986-04-02 | 2975 | NULL |     20 |
|  7654 | MARTIN | SALESMAN  | 7698 | 1981-09-28 | 1250 | 1400 |     30 |
|  7698 | BLAKE  | MANAGER   | 7839 | 1981-05-01 | 2850 | NULL |     30 |
|  7782 | CLARK  | MANAGER   | 7839 | 1983-06-09 | 2450 | NULL |     10 |
|  7788 | SCOTT  | ANALYST   | 7566 | 1987-04-19 | 3000 | NULL |     20 |
|  7839 | KING   | PRESIDENT | NULL | 1981-11-17 | 5000 | NULL |     10 |
|  7844 | TURNER | SALESMAN  | 7698 | 1981-09-08 | 1500 |    0 |     30 |
|  7876 | ADAMS  | CLERK     | 7788 | 1987-05-23 | 1100 | NULL |     20 |
|  7900 | JAMES  | CLERK     | 7698 | 1982-12-13 |  950 | NULL |     30 |
|  7902 | FORD   | ANALYST   | 7566 | 1984-12-03 | 3000 | NULL |     20 |
|  7934 | MILLER | CLERK     | 7782 | 1982-01-23 | 1300 | NULL |     10 |
+-------+--------+-----------+------+------------+------+------+--------+
14 rows in set (0.00 sec)

mysql> select hiredate, day(hiredate), extract(day from hiredate) from emp;
+------------+---------------+----------------------------+
| hiredate   | day(hiredate) | extract(day from hiredate) |
+------------+---------------+----------------------------+
| 1980-12-17 |            17 |                         17 |
| 1981-02-20 |            20 |                         20 |
| 1981-02-22 |            22 |                         22 |
| 1986-04-02 |             2 |                          2 |
| 1981-09-28 |            28 |                         28 |
| 1981-05-01 |             1 |                          1 |
| 1983-06-09 |             9 |                          9 |
| 1987-04-19 |            19 |                         19 |
| 1981-11-17 |            17 |                         17 |
| 1981-09-08 |             8 |                          8 |
| 1987-05-23 |            23 |                         23 |
| 1982-12-13 |            13 |                         13 |
| 1984-12-03 |             3 |                          3 |
| 1982-01-23 |            23 |                         23 |
+------------+---------------+----------------------------+
14 rows in set (0.00 sec)

mysql> select hiredate, dayname(hiredate) from emp;
+------------+-------------------+
| hiredate   | dayname(hiredate) |
+------------+-------------------+
| 1980-12-17 | Wednesday         |
| 1981-02-20 | Friday            |
| 1981-02-22 | Sunday            |
| 1986-04-02 | Wednesday         |
| 1981-09-28 | Monday            |
| 1981-05-01 | Friday            |
| 1983-06-09 | Thursday          |
| 1987-04-19 | Sunday            |
| 1981-11-17 | Tuesday           |
| 1981-09-08 | Tuesday           |
| 1987-05-23 | Saturday          |
| 1982-12-13 | Monday            |
| 1984-12-03 | Monday            |
| 1982-01-23 | Saturday          |
+------------+-------------------+
14 rows in set (0.00 sec)

mysql> select hiredate, dayofweek(hiredate) from emp;
+------------+---------------------+
| hiredate   | dayofweek(hiredate) |
+------------+---------------------+
| 1980-12-17 |                   4 |
| 1981-02-20 |                   6 |
| 1981-02-22 |                   1 |
| 1986-04-02 |                   4 |
| 1981-09-28 |                   2 |
| 1981-05-01 |                   6 |
| 1983-06-09 |                   5 |
| 1987-04-19 |                   1 |
| 1981-11-17 |                   3 |
| 1981-09-08 |                   3 |
| 1987-05-23 |                   7 |
| 1982-12-13 |                   2 |
| 1984-12-03 |                   2 |
| 1982-01-23 |                   7 |
+------------+---------------------+
14 rows in set (0.00 sec)

mysql> select hiredate, dayofmonth(hiredate) from emp;
+------------+----------------------+
| hiredate   | dayofmonth(hiredate) |
+------------+----------------------+
| 1980-12-17 |                   17 |
| 1981-02-20 |                   20 |
| 1981-02-22 |                   22 |
| 1986-04-02 |                    2 |
| 1981-09-28 |                   28 |
| 1981-05-01 |                    1 |
| 1983-06-09 |                    9 |
| 1987-04-19 |                   19 |
| 1981-11-17 |                   17 |
| 1981-09-08 |                    8 |
| 1987-05-23 |                   23 |
| 1982-12-13 |                   13 |
| 1984-12-03 |                    3 |
| 1982-01-23 |                   23 |
+------------+----------------------+
14 rows in set (0.00 sec)

mysql> select hiredate, dayofmonth(hiredate), day(hiredate) from emp;
+------------+----------------------+---------------+
| hiredate   | dayofmonth(hiredate) | day(hiredate) |
+------------+----------------------+---------------+
| 1980-12-17 |                   17 |            17 |
| 1981-02-20 |                   20 |            20 |
| 1981-02-22 |                   22 |            22 |
| 1986-04-02 |                    2 |             2 |
| 1981-09-28 |                   28 |            28 |
| 1981-05-01 |                    1 |             1 |
| 1983-06-09 |                    9 |             9 |
| 1987-04-19 |                   19 |            19 |
| 1981-11-17 |                   17 |            17 |
| 1981-09-08 |                    8 |             8 |
| 1987-05-23 |                   23 |            23 |
| 1982-12-13 |                   13 |            13 |
| 1984-12-03 |                    3 |             3 |
| 1982-01-23 |                   23 |            23 |
+------------+----------------------+---------------+
14 rows in set (0.00 sec)

mysql> select hiredate, dayofyear(hiredate) from emp;
+------------+---------------------+
| hiredate   | dayofyear(hiredate) |
+------------+---------------------+
| 1980-12-17 |                 352 |
| 1981-02-20 |                  51 |
| 1981-02-22 |                  53 |
| 1986-04-02 |                  92 |
| 1981-09-28 |                 271 |
| 1981-05-01 |                 121 |
| 1983-06-09 |                 160 |
| 1987-04-19 |                 109 |
| 1981-11-17 |                 321 |
| 1981-09-08 |                 251 |
| 1987-05-23 |                 143 |
| 1982-12-13 |                 347 |
| 1984-12-03 |                 338 |
| 1982-01-23 |                  23 |
+------------+---------------------+
14 rows in set (0.00 sec)

mysql> select hiredate, last_day(hiredate) from emp;
+------------+--------------------+
| hiredate   | last_day(hiredate) |
+------------+--------------------+
| 1980-12-17 | 1980-12-31         |
| 1981-02-20 | 1981-02-28         |
| 1981-02-22 | 1981-02-28         |
| 1986-04-02 | 1986-04-30         |
| 1981-09-28 | 1981-09-30         |
| 1981-05-01 | 1981-05-31         |
| 1983-06-09 | 1983-06-30         |
| 1987-04-19 | 1987-04-30         |
| 1981-11-17 | 1981-11-30         |
| 1981-09-08 | 1981-09-30         |
| 1987-05-23 | 1987-05-31         |
| 1982-12-13 | 1982-12-31         |
| 1984-12-03 | 1984-12-31         |
| 1982-01-23 | 1982-01-31         |
+------------+--------------------+
14 rows in set (0.00 sec)

mysql> select hiredate,month(hiredate) from emp;
+------------+-----------------+
| hiredate   | month(hiredate) |
+------------+-----------------+
| 1980-12-17 |              12 |
| 1981-02-20 |               2 |
| 1981-02-22 |               2 |
| 1986-04-02 |               4 |
| 1981-09-28 |               9 |
| 1981-05-01 |               5 |
| 1983-06-09 |               6 |
| 1987-04-19 |               4 |
| 1981-11-17 |              11 |
| 1981-09-08 |               9 |
| 1987-05-23 |               5 |
| 1982-12-13 |              12 |
| 1984-12-03 |              12 |
| 1982-01-23 |               1 |
+------------+-----------------+
14 rows in set (0.00 sec)

mysql> select hiredate,monthname(hiredate) from emp;
+------------+---------------------+
| hiredate   | monthname(hiredate) |
+------------+---------------------+
| 1980-12-17 | December            |
| 1981-02-20 | February            |
| 1981-02-22 | February            |
| 1986-04-02 | April               |
| 1981-09-28 | September           |
| 1981-05-01 | May                 |
| 1983-06-09 | June                |
| 1987-04-19 | April               |
| 1981-11-17 | November            |
| 1981-09-08 | September           |
| 1987-05-23 | May                 |
| 1982-12-13 | December            |
| 1984-12-03 | December            |
| 1982-01-23 | January             |
+------------+---------------------+
14 rows in set (0.00 sec)

mysql> select now(), dayname(now()),monthname(now());
+---------------------+----------------+------------------+
| now()               | dayname(now()) | monthname(now()) |
+---------------------+----------------+------------------+
| 2022-06-23 20:10:57 | Thursday       | June             |
+---------------------+----------------+------------------+
1 row in set (0.00 sec)

mysql> select now(), dayname(now()),monthname(now()),dayofyear(now());
+---------------------+----------------+------------------+------------------+
| now()               | dayname(now()) | monthname(now()) | dayofyear(now()) |
+---------------------+----------------+------------------+------------------+
| 2022-06-23 20:11:30 | Thursday       | June             |              174 |
+---------------------+----------------+------------------+------------------+
1 row in set (0.00 sec)

mysql> select weekday(now()),weekofyear(now()),quarter(now());
+----------------+-------------------+----------------+
| weekday(now()) | weekofyear(now()) | quarter(now()) |
+----------------+-------------------+----------------+
|              3 |                25 |              2 |
+----------------+-------------------+----------------+
1 row in set (0.00 sec)

mysql> select hour(now()), minute(now()), second(now());
+-------------+---------------+---------------+
| hour(now()) | minute(now()) | second(now()) |
+-------------+---------------+---------------+
|          20 |            13 |            40 |
+-------------+---------------+---------------+
1 row in set (0.00 sec)


mysql> select now(),date_format(now(), '%a');
+---------------------+--------------------------+
| now()               | date_format(now(), '%a') |
+---------------------+--------------------------+
| 2022-06-23 20:20:02 | Thu                      |
+---------------------+--------------------------+
1 row in set (0.00 sec)

mysql> select now(),date_format(now(), '%b');
+---------------------+--------------------------+
| now()               | date_format(now(), '%b') |
+---------------------+--------------------------+
| 2022-06-23 20:20:08 | Jun                      |
+---------------------+--------------------------+
1 row in set (0.00 sec)

mysql> select now(),date_format(now(), '%c');
+---------------------+--------------------------+
| now()               | date_format(now(), '%c') |
+---------------------+--------------------------+
| 2022-06-23 20:20:12 | 6                        |
+---------------------+--------------------------+
1 row in set (0.00 sec)

mysql> select now(),date_format(now(), '%D');
+---------------------+--------------------------+
| now()               | date_format(now(), '%D') |
+---------------------+--------------------------+
| 2022-06-23 20:20:20 | 23rd                     |
+---------------------+--------------------------+
1 row in set (0.00 sec)

mysql> select now(),date_format(now(), '%d');
+---------------------+--------------------------+
| now()               | date_format(now(), '%d') |
+---------------------+--------------------------+
| 2022-06-23 20:20:26 | 23                       |
+---------------------+--------------------------+
1 row in set (0.00 sec)

mysql> select now(),date_format(now(), '%e');
+---------------------+--------------------------+
| now()               | date_format(now(), '%e') |
+---------------------+--------------------------+
| 2022-06-23 20:20:33 | 23                       |
+---------------------+--------------------------+
1 row in set (0.00 sec)

mysql> select now(),date_format(now(), '%f');
+---------------------+--------------------------+
| now()               | date_format(now(), '%f') |
+---------------------+--------------------------+
| 2022-06-23 20:20:41 | 000000                   |
+---------------------+--------------------------+
1 row in set (0.00 sec)

mysql> select now(),date_format(now(), '%H');
+---------------------+--------------------------+
| now()               | date_format(now(), '%H') |
+---------------------+--------------------------+
| 2022-06-23 20:20:57 | 20                       |
+---------------------+--------------------------+
1 row in set (0.00 sec)

mysql> select now(),date_format(now(), '%h');
+---------------------+--------------------------+
| now()               | date_format(now(), '%h') |
+---------------------+--------------------------+
| 2022-06-23 20:21:03 | 08                       |
+---------------------+--------------------------+
1 row in set (0.00 sec)




mysql>
mysql> select now(),date_format(now(), '%i');
+---------------------+--------------------------+
| now()               | date_format(now(), '%i') |
+---------------------+--------------------------+
| 2022-06-23 20:22:27 | 22                       |
+---------------------+--------------------------+
1 row in set (0.00 sec)

mysql> select now(),date_format(now(), '%j');
+---------------------+--------------------------+
| now()               | date_format(now(), '%j') |
+---------------------+--------------------------+
| 2022-06-23 20:22:34 | 174                      |
+---------------------+--------------------------+
1 row in set (0.00 sec)

mysql> select now(),date_format(now(), '%k');
+---------------------+--------------------------+
| now()               | date_format(now(), '%k') |
+---------------------+--------------------------+
| 2022-06-23 20:22:44 | 20                       |
+---------------------+--------------------------+
1 row in set (0.00 sec)

mysql> select now(),date_format(now(), '%l');
+---------------------+--------------------------+
| now()               | date_format(now(), '%l') |
+---------------------+--------------------------+
| 2022-06-23 20:27:37 | 8                        |
+---------------------+--------------------------+
1 row in set (0.00 sec)

mysql> select now(),date_format(now(), '%M');
+---------------------+--------------------------+
| now()               | date_format(now(), '%M') |
+---------------------+--------------------------+
| 2022-06-23 20:27:44 | June                     |
+---------------------+--------------------------+
1 row in set (0.00 sec)

mysql> select now(),date_format(now(), '%m');
+---------------------+--------------------------+
| now()               | date_format(now(), '%m') |
+---------------------+--------------------------+
| 2022-06-23 20:27:49 | 06                       |
+---------------------+--------------------------+
1 row in set (0.00 sec)

mysql> select now(),date_format(now(), '%p');
+---------------------+--------------------------+
| now()               | date_format(now(), '%p') |
+---------------------+--------------------------+
| 2022-06-23 20:27:57 | PM                       |
+---------------------+--------------------------+
1 row in set (0.00 sec)

mysql> select now(),date_format(now(), '%r');
+---------------------+--------------------------+
| now()               | date_format(now(), '%r') |
+---------------------+--------------------------+
| 2022-06-23 20:28:05 | 08:28:05 PM              |
+---------------------+--------------------------+
1 row in set (0.00 sec)

mysql> select now(),date_format(now(), '%S');
+---------------------+--------------------------+
| now()               | date_format(now(), '%S') |
+---------------------+--------------------------+
| 2022-06-23 20:28:20 | 20                       |
+---------------------+--------------------------+
1 row in set (0.00 sec)

mysql> select now(),date_format(now(), '%s');
+---------------------+--------------------------+
| now()               | date_format(now(), '%s') |
+---------------------+--------------------------+
| 2022-06-23 20:28:25 | 25                       |
+---------------------+--------------------------+
1 row in set (0.00 sec)

mysql> select now(),date_format(now() + interval 10 hour, '%h%p');
+---------------------+-----------------------------------------------+
| now()               | date_format(now() + interval 10 hour, '%h%p') |
+---------------------+-----------------------------------------------+
| 2022-06-23 20:29:58 | 06AM                                          |
+---------------------+-----------------------------------------------+
1 row in set (0.00 sec)

mysql> select now(),date_format(now() + interval 20 hour, '%h%p');
+---------------------+-----------------------------------------------+
| now()               | date_format(now() + interval 20 hour, '%h%p') |
+---------------------+-----------------------------------------------+
| 2022-06-23 20:30:10 | 04PM                                          |
+---------------------+-----------------------------------------------+
1 row in set (0.00 sec)
